,Sequence,Length,MFE
44111,TCGAAGAGGGGAAGTGAGCGCGGCGTTTTGTGACCACAGACACGCACAGGTCCCCACAACTACATGGAAGCGATTCCG,78,-19.89999961853028
110614,ATTGCATACTAGTCAACAGCTTTTAACCGACACTGGAGTCTCTAATGGCCCATGAGTTGACCTGGTTGTCTTGCC,75,-15.100000381469728
46961,TGAATCGAACGAAGTTACGGAGACTGAGAGAGTCTACCAGCAAGGGTCTGGCCACCGGCCAGCATACCCTATAG,74,-24.5
130645,ACTGCATCTGAGTCACTAACTAGACCCATACACAGGTTTTATCACTGTCAAATGTGATGACCTGGTAGGATCGCTG,76,-19.299999237060547
82359,TCTAAGAGTGGTTTTCTGCACAGGGTTGTCTGCACACTGAATCACACCGGTCATCGAGTCTATAGGGAAGGCATTCCAAACA,82,-17.100000381469727
23488,TGAGGCGAACCAATTTAAGCATTGAACGGGCCTGGGAGAGTCTGGGCGTCCACGAGGGCACTCGTCTCACTC,72,-23.600000381469727
63771,ACTGGACCCGGAATTTTCTCATAGAACGACAACAGGTTGTACCAGGCGTGGAATCGAGCCTTTGTCTATTTCGG,74,-16.200000762939453
12070,ATTGCATCTTAGTCAACAACTATAACCCGACACAGGTTTTACTAATGGCAAATGAGTTGACCTGGTAGGATCGCAG,76,-15.100000381469728
124120,ACTGCACCTGCGTAACTCAGTAGGCTTTTTCACAGGTTGGATCACCGTCATATCTGTTTCTCCAGTAGAATCGTTCAAAA,80,-15.899999618530272
39189,TCGAAGCGTGAGTAACTGAACAGAGTTTTTTAAACACAGTATCACACTCAACCCTAATTATATGGGGGAACCGTTCGATA,80,-15.100000381469728
16809,TCGAAGAGGCCACGTGAGCGCGCCTTTTTGTGACCACAAACAAGGACAGGTGCACACAACTGCATGGAATCGATTACT,78,-17.600000381469727
41580,ATTGCATACTAGTCAACAGCATCTAACCGAGACTGGATTTTCTCAGGGCCCATGAGTGGGCCTGGTTCTATTGC,74,-18.600000381469727
164603,ATTGCATACTCGTCAACAGCAAGTAACCGACACAGGTTCTACTAAGGGCCCGTGAGTGGACCTGGTAGTATCGCGG,76,-16.200000762939453
83869,AGAGCCTAAAGAACGTCAGCATCGAGCGGCATTTTTAGAGTCAAGGTGTCCATCCGGTCACGCGTTTCTCTT,72,-15.399999618530272
111124,TCCAAGAGCGGTAGCGTGCACGCGGTAGTGTGAGCACCGTGCCGGACCGGGGCACACATGTACAAGCAATAGAGTACATATT,82,-25.39999961853028
177688,AGTGCCGAATAGTCAACAGCTTTTAACCGGCACTGTAGTGTCTGAGGGCCCATGAGTTCACGTGGTTCTCTT,72,-20.799999237060547
207864,AGAGCCGAATAGACCACAGCATCTAACGGCGTTTGGAGAGTCTGAGGGTCCATGAGTGGGACTCCCTCTCTTGG,74,-22.200000762939453
197479,TGAATCGGACCAAGGGACGCCGCCTGAGAGGGTTTTAGACCGAGGGTAGCGGCACAGAAGAGCCCCCCTTATAG,74,-18.600000381469727
215318,ATTGCCTAACCAGAAACAGCTTTGAACCGCGATTGGAGTGACTCATGGCCCATGAGTGGACCTGGTACTCTCGCGG,76,-20.299999237060547
21894,ACTTGATGCGAGAGAGTCGAAAAAGATGAGAACTGGCTGGCCAAACTCTGTGAGCGCGGGAACATCAATTTTGGTA,76,-15.5
119010,AGAACCAAACCAAGGGACGCCGCCATTGACGGACGTAGAGCGAGCCTAGGTGTGCAGAAGAGCCTCCCTGATAA,74,-17.399999618530273
89777,TGAATCGAACGAAGTTACGGCGCCTGAGAGGGTTTTAGAGCAAGGGTGTGGGCTAAGAAGAGCCTCTCTTATAG,74,-16.299999237060547
195685,TCGAAGAGGGCTCGCGTGCACAGAGTTTTTTGACCACAGAATCGGACAGGAGCACACGACTAGCAGGAAGAGATTCCATACATT,84,-15.5
63540,AGAGGATCCAGGACCACAGCATTTAACCGCCCTTGGATTCTCTAAGGGTCCATGAGTGGACCTGGTTCTATTGC,74,-28.5
82800,ATTGCATATTAGTCAACAACTATTACCCGAGACTGGTGTTACTAATGGCCCATGAGTTGACCTGGTAGTCTCGCGG,76,-16.600000381469727
24213,ATTGCATCTTAGTCAACAACTAGAACCCGCCACAGGTTTTACTAATGTCCAATGAGTTGACCTGGTAGGCTCGCCGTATCGCGATAT,87,-18.5
108545,ATCGGCGAATTGTCGACAGCTTTTAACCGCCCTTTGAGTCTCTAAGGGCCCATGAGTGGACCTGCTTCTCTTGC,74,-17.600000381469727
151651,TCGAAGAGGGGTAGTGTGCACGACGTTTAGTGACCACAGACACGCACAGGTCCCCACATCTACATAGAATCGATTCCG,78,-16.399999618530273
107485,CGAGGCGAATGAACGACAGCATCTAACCGGCCTGGTAGTGTCTGAGGGTCCATGAGTGCACGTCTCTCTCTTGG,74,-16.5
30712,AGAGGCTAATTAACGACAGCTTTTAACCGCCCTTTTAGTGTCTAAGGGCCCATGACTGCGCGTGCTTCTCTTGC,74,-17.600000381469727
71379,ACTGCACGTGAGTGACTCTTAAAAAATCTACACAGGTTGTATCAGTGACAATAGTGAGGCGCTGGTAGGATCGTTCAATA,80,-16.399999618530273
207762,ATTGTATCACGAACTTTCGAATTGAGCGACATCTGGTTTGACCGGGTGTCGATTCGTTCCTTAATCTCTGATGG,74,-22.600000381469727
60605,TGAAAGAGGGGAAGTGAGCACGCCTGAGAGTGACCTCCAACAAGGGCAGGGGCACAGAACAGCCTCGACTATAGTACT,78,-15.100000381469728
30967,TCTGAGCGTGCGCGACTCCAAAGGGTTTTTCACACACAGAATCACACAGGTCCCCACGTCTTCAGAGACGCCGTTCAAAAGATATT,86,-17.600000381469727
190301,TCTAAGAGTGGGTTTCAGCGCGGCCTTGTGTGACGACCGACTCGCCTAGGTGAGAGCTCATACAAGGAAGCTATTACA,78,-23.100000381469727
133755,TGAAGCGAATGTAGTGAAGGCGCCCGAGGGTGAGTTAGAGCCAGGGTATCGGCACAGAACAGCCCCTCATCTAG,74,-16.600000381469727
103705,AGGATTTCTTAGTCAGTAAGCAGAACCTCAGACTGGATGTATTACCGTACGATCTAGTTGCATGGGAGGATTGCTC,76,-19.700000762939453
168287,ATTGCCTAATCGACAACAGCATCTAACCGCGATTGTAGAGACTGGGGGCCCATCAGGTCGCGTGGTTCTCTT,72,-17.100000381469727
122983,ACTGCACCTGATTGCCTAGCTTTTAACGACCACAGGTTATACTACTGGCGAAGGAGAGGGCCTGGCACACTCGT,74,-16.799999237060547
8282,CTGGCATGTTAGTCAACAACTAGACTCTTACACTGGTGTTAGTCATGTCAAGTGAGTTGACATCGGAGACTCTCACTATCGCGTTAT,87,-19.100000381469727
150400,TCAAAGAGGCGAAGTGAGCACGCCTTTGAGTGACCACCGACAAGGACAGGTGCACACAACTGCATACACGAGAATACT,78,-16.399999618530273
171778,TCTGAGCGTGCTCAACTGCACAAGGTTTTCCGCACACAGTATCACACCCATCACCTCGTCTACAGGGAAACCATTCAAAACATATT,86,-15.300000190734863
208642,ATTGCATATTCGTCAACAGCTATTAACCGCCACAGTTGTGACTAATGGCCCATGAGTTGGCATGGCTGTCTCGCC,75,-17.700000762939453
183315,TCAATGAACTGGAGTGAACGCGCACGAGGGCGCCTTACGGCTAGGCCTGCTGCCTAGTACAGCGTGTAAGTT,72,-19.600000381469727
24049,ATTTCCGACTCGCAAACCGCAATAAACCCAGACTGGAGTTACTCATGGCCCGTGAGTGGACCTC,64,-15.699999809265137
220875,TCGAAGAGCGGTAGTGTGCAAACCGTTGTGTGGACACAGACTCAGACAGGTTCACACGACTTCAAACAATAGATTACT,78,-16.799999237060547
128894,ATTGCATCTTAGTCACTTACTAGACCCCCACACAGGTTTTACCAATGTCCCATGTGATGACATGGTAGGATCGCTCTATC,80,-16.600000381469727
189566,ATTGCATCTCAACCCCCCGCAATGAACCGCGACTGGTTTTACTACTGGCCGAGGAGAGGACCTCGTTCTCTCGT,74,-17.700000762939453
158716,TCAATGAGGGGAAGTGAGCACGCCGTTGAGTGACCACCAACAAGGACAGGTCCACACAACTGCATACACGAGAATACT,78,-15.0
85828,TCAAAGAGGGGTAGTGACCGAGACGTTGAGTGACCACAGACTAGGACATGTCCACCCGTCTGCATACAATACAT,74,-15.0
90893,ATTGCCTAATCAGTTACAGGATTGAAGGGCCCTGGGAGAGACTAAGGGCCCGTCAGTACCCTTGTTTCTCTCGC,74,-28.5
53417,TCGAAGTGTGCGTGACTAAGAAGAGTTGTTAACCTACAGAATCACCTACTTCACTGCATCTATGGGAGTGCCGTTCCATAGA,82,-20.0
84132,AGATCCTAATCGGCAACCGGCTCTAGCGCCGAATGTAGTGACTGCCTGTCCGTGAAGAGGCCTCCCACTCTTTC,74,-16.5
192611,ATTGCAGAACGAACTTCCGCATCTCACGGCGTTTGGTGCGTCAGGGCGTGCATGAGCGCAAGCATCTCTTTCGG,74,-17.200000762939453
183052,AGTGCCTAATAGTCAACAGCTTCTAACCGCCCTTGGAGTGTCTCAGGGCCCGTGAGTTGACCTCCTTCTCTT,72,-15.5
39092,TCGAAGAGGGGTCGTCTGCACAGAGTTTTTTGAACACAGAATCAGACACATCCCTACGTCTACAAGGAATCCATTCCAAATC,82,-16.299999237060547
158397,ATTGGCGACAGAACGTCATCATTGAACCGCCTTGTGATTGTCAAAGGGTCCATCAGGGCCATCGCTTCTCTTGG,74,-15.899999618530272
62084,AGTGCATAATAGTCAACAGCTTTTAACCGCCATTGGAGTCTCTCATGGCCCATGAGTGGACCTGGCTCTCTTGC,74,-16.299999237060547
194408,CGAGGTGACTGGTCAAAATCCTCTCTCCGACACGTTACTTCCAAAGGGCCCATCAGTTCACGTGGGTGACTT,72,-19.299999237060547
97682,TGATCCCAACCAAATTACGGCTCGAGGGAGAGTTCTAGAGCCAGGCTGTCCGACAACACCTGCATCCCTCGC,72,-15.800000190734863
227690,AGATTCTAACGAGAGTACGGCTCCCTCGACGAATTTAGAGCGTGCCTTTTCGTAAAGTTGCGTATCCCACGCTC,74,-19.5
221104,AGAGCCTAATCATCGTCAGCTTTGAACCGCGCTTGTAGTGTCTGAGGGCCCATGAGTTCACCTGGTTCTCTT,72,-16.799999237060547
102623,TCGAAGCGTGAGCGACTGAGCAGAGTTTTTCACACACTGAATCACAGACATAGCTGAATCTATGGTAGAGCCTTTCAAAAGCTATT,86,-17.100000381469727
146066,TCGAAGAGTGGTAGTGAGCACGCCGGTGTGTGACCACCGACACAGCCAGGTGCACACAACTACAAGGAAGAGAATACA,78,-24.200000762939453
69594,ATTGCATCTTAGTCACTAACTAGAACCCCACACAGGTTTTATCACTGTCAAATGTGATGACCTGGTAGAATCGCACTATA,80,-15.399999618530272
131599,AGGGCCTAATCGCCAACAGCTTGTAACGGACATAGGAGCCCGTAACGGTCTGTGAATACACGCCACTCTGTT,72,-15.300000190734863
103815,TCAATGAGGGCTAGTGAGCGCGGCGTTGTGTGACCACAGACAAGCACAGGTCCCCACAACTACATACAAGAGAATCAG,78,-15.300000190734863
107111,AGTGCCTAATCGGCAACAGCATCTAACGGCGATTTTAGTGTCTGAGGGCCCATGAGTTGGCGTGCCTCTCTT,72,-16.600000381469727
231260,ATTGCATACTAGTCAACAGCTTTTAACCGCCATTGGAGTTTCTAATGGCCCATGAGTTGACCTGGTAGTCTAGCCG,76,-21.5
181077,AGTGGATCTAGGTCAACAGGTTTGAACAGCACTATGTTTGTCCACGTGCCCATGCGTTGACCTGGCAGTATCGC,74,-19.100000381469727
231132,ATTGCATCTTAGTCACCAACTAGAACCCGACACAGGTTTTACTAATGGCCCATGAGTTGACCTGGTAGTATCGCGGTATCG,81,-15.300000190734863
13779,TCAATCAAACGAAGTGAGCACGCCGTTGAGTGACCACCAACAAGGATAGGTGCACACAACTGCATACACGAGAATAC,77,-15.0
155571,TCAATGAGGCGAAGTGAGCACGCCGTTGAGTGACCACCAACAAGCACAGGTGCACACAACTGCATAGAAGCGATTACT,78,-16.399999618530273
145842,ATTTCCGGCTGACCAGTCCACACTAAAGACCTTGTTCTAGCCTGGGCAGGGATTAAGAACTCCCCCTCTCCTAGTATATCGT,82,-15.300000190734863
144510,ATTGCATCTTCGTAAACAACTCGAACCCGAGACTGGAGTTAGTCATGTCAAGTGAGTTGACATCGGAGAATCGCGG,76,-21.89999961853028
64721,CTTGAGCGTGAGTCACTTTAAAGAGCTCTTCACACATTGTATCAGACACAGAACTGAGTCTTAGGTGGGATAGTTCAATAGTAAGT,86,-16.299999237060547
96315,AGTGGATCCTAGTCAACAGCTTTTAACCGCCATTGGATTGTCTAAGGGCCCATGAGTTGACCTGGTACTCTTGC,74,-15.399999618530272
35910,ATTGCATCTTAGTCACTAATTAGGCCCCCCCACAGGTTTGACCAATGGCCCATTTGTTGACCTGGTAGTATCGCAGTATTGCTATAT,87,-16.100000381469727
19670,TGAATCGAATGAAGTAAAGGATCTAAAGGGAGTGTTAGACCGAGGGCATCGGCAACGGACGGTCCCTCTTTTAG,74,-18.39999961853028
30752,ATTGCATCTGAGTCACTAACTAGAACCCGACACAGGTTTTATCACTGGCAAATGTGAGGACCTGGTAGGATCGCGC,76,-17.399999618530273
171563,TCGAAGAGGGGTCGTCTGCGCAACGTTTTTTGAACACAGAATCGCACAGATCCCTACATCTACATGGAAGCCATTCCTAACT,82,-19.0
9787,AGTGTCCACGGAACTTTCTCATAGGATGACAACACATTGGACCAGAGGCCGATCCGGTCCCGCATATATCTCGTTCTA,78,-15.600000381469728
114666,ATTGGACGCCTTATCACAGCATTTAACCGCCACATGTTCTACTGGGCGTCCAGGAGGGCAACTGGTTCTTTCGG,74,-21.799999237060547
219928,ATTGCATCTTAGTCACTAACTAGAACCATACACAGGTTTTAGCACTGTCAAATGTGATGACATGGGAGAATCTCGCTATA,80,-15.300000190734863
131346,ATTGCATCTGAGTCACCATCAATGAACCGCCACAGGTTTTACCAATGGCCCATCAGTGCACCTGGTTGTCTCGCGG,76,-18.299999237060547
219542,AGTGCATCTTAGTCCACATCAATTAAAAGACACTGGTTGTTCTAATGGACGATGAGTGGGCCTCGCTCTATTGG,74,-15.600000381469728
138167,AGTGCCTAACCGTCATTCGGTTAGAACGGCAACAGGATTGACTACCTGCTCATCTGTTCACTTGGTAGTATCGC,74,-18.89999961853028
173400,TGATTCAAACCACAGGAGGGCGACGTGGAGGGACCAAGAGCGAGCCTTTTTGCCAAGACCTGCATCCCTGACTTTCCT,78,-16.200000762939453
127228,ATTGCATCTTAGTCAATAACTAGACCCTTACACAGGTTTTATCAATGTCAAGTGAGTTGACATGGGAGAATCGCTGTATAGCCATGATTG,90,-15.899999618530272
131510,TGAAGTGAACGTATTTAATGATCTTGAGGGAGTGTTACAGCCAGGGTGTCGACACCGGCCGGCATCTCTTATCG,74,-17.100000381469727
77607,AGATGCTAATGAACGTCAGGATCTAGCGGCGATTTTAGTGTCTGAGTGTCGATTAAGACGCGTCTCTCTCTT,72,-18.5
15608,AGTTCCTAATCGTAAATAAGACGGACCTAAGACAGGAGTGAGTACCTGCTTGTGTGTTGACATCGCAGTACCGCTC,76,-19.0
88382,TCGAAGAGGGGTAGTGAGCACGCCGTTTTGTGACCACAGACAAGCACAGGTGCACACAACTACATGGAAGAGATTCC,77,-17.5
160755,AGAGGCGACCTAACTTCAGCATTTAACGGCCTTGTTAGAGTCTGGGGGTCCATGACTGGGATCCCCTCTCTTGG,74,-25.600000381469727
158746,AGTGGATCTTAGTCAACAGCTTTTAACCGCCACAGGTTTGACTAATGGCCCATGAGTTGACCTGGTACTCTCGC,74,-16.299999237060547
663,TCAATGAGGGGTAGTGAGCGCGACGTTGAGTGACCACAGACTCGCACAGGTCCCCAGATCTGCATACAAGAGATTCCG,78,-17.299999237060547
208585,ATTGCATCTGAGTCAACAGCTATGACCCCCCACAGGTTTTATCACTGGCAAATGTGTGGACCTGGGAGACTCGCGG,76,-18.200000762939453
155090,TCGAAGAGGGCTCGTGAGCGCAGCGTTTTTTGACCACAGACTCTCACAGGTCCCTACATCTACATAGAAGCGATTCAGAACC,82,-15.199999809265137
95137,ATTGCATCTGAGTCACTAAGTAGAACCTCACACAGGTTTTATCAATGTCAAATGTGTTGACCTGGTAGAATCGCTCAATAGAGATGTTTG,90,-18.0
53684,ACTACATCTGAGTGACTGAATAGGGTCAAAGAATGGTTGTAGCACCGTCAAGAGTAATGATACAAGAGAACCGTTCTCTA,80,-16.700000762939453
166223,ATTGCATGTTCGTCAACAACTAGAAACCGACACAGGTTTTAGTAATGTCCCATGAGTGGACCTGGTAGTATCGCGG,76,-15.0
10063,ATTGGATCCTTGTCAACATCATTTAACCGCCACAGGTTTTACTAATGGCCCATGAGTGGGCCTGGTTCTCTTGC,74,-16.0
25606,ATTGGATCCAAGTCAACAGCTTTTAACCGCCACGGGTTTCTCTAAGGGCCCATGAGTGGACCTGGTTCTCTCGC,74,-16.899999618530273
225722,ATTGCACCTGAGTCACTATCTAGGCCCCTACACAGGTTGTATCACTGTCAAAGGTGAGGACCTGGTAGACTCGCGC,76,-20.600000381469727
157884,TGATTCGAACCAAAGTACGGCGCCTGAGGGGGTTTTAGAGCGAGGGTGTCGGCAAAGAACAGCCTCTCTTATAG,74,-16.899999618530273
143713,TGTTCACGCGCGAGAGTACCAACTAAAGGGCATGTGTTGGTCTAGGCGCCCATCAGCGGCGCTGGTTCTATAGT,74,-20.200000762939453
196888,AGAGTCGAATCAACGAACGCATATAGTGGCCCTGTTAGAGCCTGGGGGTCGATACAGGAGAGCGTCTCTCCTTC,74,-18.799999237060547
127184,ACTGCACCTGAGTCACTAATTAGGACCCTTCACAGGTTTTATCAAAGGCAAAACTGAGTACCTGGTAGGATCGTGCAATAGCGATGGCTT,90,-20.39999961853028
224073,TGAATCGACTCAAGTGAGCGCGCCTGAGGGTGACTTAGAGCAAGGGCATTGGCCAAGAACTGCATATACTCTAGTACC,78,-15.899999618530272
12283,AGTGCATCTTAGTCAACAGCTTTTAACCGCCATTGGTGTCTCTAATGGCCCATGAGTGGGCCTGGCACTCTTGC,74,-18.89999961853028
227528,CTTGCATCTGGTTCACTAGATATGCCCCGCCTCAGGTTTTATCACTCGCAATAGTGAGGACCTGACAGAATCGTAT,76,-19.299999237060547
201287,TGAATCGGATCACGTGAGGGCGCCTGAGAGTGACCTAGAGCGAGGGCATGTGCAAAGAACGGCCTCTCTGCTAGTACA,78,-21.39999961853028
156354,TGAAACGGCTCAAGGAAGGCCTCCTGAGGGTGTCGTACAGCCAGGGCAGCGGCAAAGAAGAGCATGTATTATAG,74,-17.200000762939453
175814,TGGATCGGACCACGTGACGACGCCTATGACGGTCCACAAACCAGGGCAGGGGCACAGGAGTGCCTCCCTTATAG,74,-24.89999961853028
54185,TGTGTCCAATGGACTTAATGAGGGCAGTCGAGCCTTAGTGTTTGCCTGACCATCTAGTTCCGTGGCTCTCTT,72,-16.899999618530273
131622,ATTGCAGGCTCGCAAACGACTCGAAACTGACAAGGGAGCTAGTAATGGCACGTGAGTAGACATGGGAGTATCGCGG,76,-15.199999809265137
161490,ATTGCAGGCTAGTCCACAGCATTTAACCGCCATGGGTTTCTCTAAGGGCCCAGGAGTGGGGCTGGTTCTATTGG,74,-21.200000762939453
119965,AGATTCGAATCACGGAAAGCATCCAGGGGGGGTCTTAGAGCGAGAGTGTCCGTGAAGAAGAGCCTCTCTGCTTC,74,-21.700000762939453
6379,ATTGCATCTTAGTCAACATCTATACCCCGACACAGGTTTTACCAATGGCAAATGTGTTGACCTGGTAGGATCGCAG,76,-16.399999618530273
229839,TCGGAGAGCCGAAGTTACCAATAGTAAGACTGTGCACAGTCCAGGACAGGGCCACCCGCCTGCAAATACTAGAATACG,78,-17.899999618530273
218927,CCGGCGAGCGGTTTCCTGTCAATGTAATTCTGCACATACTATCACACGCAATCGCGAGGATTTAAGGAAATCGTACCCTCCT,82,-18.5
88779,ACTTCACCTGCGCAACTGAGCAGAATTTTACACAGGTGCAAGTCCTGTCAAGTGTGATGACATGGGAGAACCTTGCGATAGATATAT,87,-17.799999237060547
217459,ATTGCATCTTAGTCAACATCTATTAACCGCCACAGGTTTTACCAATGGCCAAGGAGTGGACCTGGTAGGATCGCGG,76,-19.799999237060547
69868,TCGAAGAGGGCACGTGAGCGCGACGTTGTGTGACCACACACAAGCACAGGTGCACACAACTGCATAGAAGACATTCAT,78,-19.700000762939453
164571,TGAAGCGAACGAAGTTACGAAGCCTGAGAGAGTGCACCAGCCAGGGCATGGGCACCGGCCTGCATACCCTATAA,74,-15.100000381469728
210831,AGTTCCTAATCGTAAAAAAGTCGGCCCTAGGAATGGAGTGCGCACCTGCAAGTGTGTTGACACCAGAGACCCTCCC,76,-15.800000190734863
92813,AGTGGAGCCAGTACCTCATCATTTAACCGCCCTGTGTTTTTCCAAGCGTCGATGAGGGCGGTTGGCTCTCTTGC,74,-23.5
38883,AGAGGCTAATAAACGACAGCATCTAACCGCCCTTTTAGTGTCTGAGGGTCCGTGAGGTAGCGTCCCTCTCTT,72,-18.89999961853028
218457,CGAGTCCAACGAACTTACGAATCGTGAGACATCGTTTTAGTCAGGACGTCGACTCCGGCCTGCATCTCCCTT,72,-16.100000381469727
19390,AGATGCTAATGAACGACAGGATCTAGCGGCGATTTTATTGTCTGGGTGTCCATCAGGACCCGTGGCTCTATTGG,74,-16.299999237060547
68511,TCAATGAGGCGAAGTGAGCGCGCCTGTGAGTGACCACCAACAAGGACAGGTGCACACAACTGCATACACTAGAATACT,78,-18.0
126524,TCAATGAGGCGAAGTGAGCGCGACGTTGAGTGACCACCAACAAGGACAGGTGCACAGAACTGCATACACTAGAATACG,78,-16.399999618530273
232715,ACGGCGCGTGAGCAACTGAATAGAGTTTTTCACACGTAGTATCACTCTCAAAGGTGAGGATATGGGAGAACCGTTCACTA,80,-21.0
165246,AGTGCCTAATAGTCAACAGCTTTGCCCCGCGACTGGAGTGAGTCATTGCCCATGTGTTGACCTGGTACTATCGCC,75,-20.39999961853028
48361,ATTGCATCCAGGTCCCCATCTTTGAACCGCCACGTGTTTTTCCAATGGCCCATGAGTGGACCTGGTTCTCTAGC,74,-18.5
107973,ATTGCATCATAGTCAACAGCTTTGAACCGCCACTGGTTTTACTAATGGCCCATGAGTGGACCTGGTAGTATCGCGG,76,-16.299999237060547
200183,TGAATCGGATGTAGTTAAGACTCCCGAGAGTGATTTAGACCGAGGGTGTGTGCACAGAAGAGGCCCCCATATAG,74,-15.199999809265137
113383,AGAGGCTAAAGAACGTCAGCTTTTAACGGCGCTTGGAGTGTCTCAGTGTCCATGAGTGGACCTGCCTCTCTTGC,74,-20.5
173431,CGCGCAGGCTAGTCCACAGCATCTCAACGGCCTTGGAGTCTCTAAGGGCCCGGGAGTGGAACTCCCTCTATTGG,74,-21.700000762939453
83288,AGTGCCTAATAGTCAACAGCATTTAACCGCGATTGTAGTCTCTAAGGGCCCATGAGTGGGCCTCCCTCTCTTGC,74,-16.299999237060547
183272,CCTGCAAGTGAGTGCCTGACTAGAACCCTACACAGGCACTAGTAATGACAAGGGAGAGGAGATCGGAGTATCGTGC,76,-17.799999237060547
85214,CTGACGTGTTAGTCAACAACTAGACTCTTACACAGGCAGTAGCAATGTCAAGGGTGTTGACATGGGGGAATAGCTCAATC,80,-17.0
13497,TGAATCAAACCAAGTGACGGCGCCAGTGAGGGACTTAGAGCGAGCCTTTTTGTCCAGAACTGCATCCCTGCTTATACA,78,-15.899999618530272
224870,CGGTCCGGCCCACGGACAGCATCTAAAGACGCATCTAGAGCCAGGGGGTCCGTGAGGGCCAGCCCATCTCTT,72,-25.100000381469727
184699,ATTGCATCTGAGTCAATAACTAGAACCCTACACAGGTTTTAGCAATGTCAATTGAGAGGACATGGTAGGATCGCGG,76,-16.899999618530273
78411,TGATTCGAACGAATTTACGAATCTTGAGAGAGTTTTAGAGCAAGGGTGTCGGCACCGAACAGCCTCCCTTATAG,74,-15.5
152525,AGATTCGAATGAAGGAACGCCTCCAGAGGGGGTTTTAGAGCGAGGGTGTCGGTAAAGAAGAGCCCCTCTTAT,72,-21.39999961853028
108697,CTGGCAGGTGAGTGACCATCAAGATACTTTCACGGGTACAATCAATCTCAATGGAGAGGAGATCGGTGACTCGTGG,76,-18.89999961853028
6281,TCGAAGAGGGGTCGTGAGCACGGCGTTTTGTGACCACAGACACGCACAGGTGCCTACAACTACAAGGAAGAGATTCC,77,-18.5
108246,ACTGCGCCTGAGTAACTGAATAGAGTTTTTCACAGGTAGTATCACAGTCAAAGCTGATTACATGGGAGAATCGTTCGATAGTTATAT,87,-15.800000190734863
142134,ATTGCATCTGAGTCACTAAATAGGGCCACCCACAGGTTTTACCACTGTCAAATTTGATGACCTGGTAGAATCGTTCTATA,80,-17.399999618530273
77223,ATTGCATAATAGTAACTGAACAGACCCTCGTACTGGAGTGAGCACCTTCACGTCTGTTCACCTCTGTGAACCGCTC,76,-18.200000762939453
229652,ACTGCATCTGAGTAACTAAGTAGAACCTTACACAGGTTCTAGCACTGTCACCTCTGTTGACCTGGGAGTACCGTGC,76,-17.200000762939453
218078,AGAGGAGAATTGACGACAGCATCTAACCGCGCTTGGAGTCTCTAAGGGCCCATGAGTGGGCCTGCCACTCTTGG,74,-23.299999237060547
86212,ATTGCCTAATAGTCAACAGCTTTGAACCGCCATTGGAGTGTCTAATGGCCCATGAGTGGACCTGGTTCTCTTGC,74,-18.700000762939453
35681,TCGAAGAGGGGTAGTGAGCACGCCGTTTTTTGACCACAGACACGGACAGGTGCACACAACTACATAGAAGAGATTCCT,78,-15.300000190734863
39898,TGAATCGGACCAAGGGAGGCAGCCTGAGGGTGTCCAAGAACAAGGGCAGGGGCACACAAGAGCATACCTTATAG,74,-15.300000190734863
188510,TCGAAGAGGGCACATGAGCACGGCGTTTAGTGACCACAGACACGCACAGGTGCCCACATCTACATGGAATAGATTCCG,78,-18.5
144742,TCGAAGAGGGCTCGTCTGCGCAGAGTTTTGTGACCACAGACTCACACAGATCCCTACATCTACAAGGAAGCCATTCAGAACT,82,-16.399999618530273
118772,TCGAAGAGGGGTAGTGAGCACAACGTTGACTACCCACCGAATCGGACAGGTCACTAGAACTACATAGAAGCGATTACAAACA,82,-19.700000762939453
175750,TCAAAGAGGGCTAGTGTGCACAGCGTTGTGTGACCACAGACTCGGACAGGTCCCCACATCTGCATAGAAGAGATTCA,77,-15.199999809265137
171340,TCGAAGAGGCCTCGCGAGCCAGCTTTAGACTGTCCACAAACTAGGGCAGGATCGAACGAGGTGCACTAATACATTACC,78,-21.799999237060547
55422,AGATCCTAATCAGAGACAGCTTCGAGCGAGGCTTGTAGTGAGTGACTGCCCGTGAGTTCACGTCCCTCTCTT,72,-18.200000762939453
2102,TCGAAGGGCGCAAGTGAGCGAGCCGTTGTGTGACCACAGACAAGGACAGGTTCCCACAACTGCATACACTCGATTACT,78,-19.39999961853028
137502,ATTGCATCTTAGTCAACAGCTTTGAACCGCCACTGGTTTTACTAATGGCCAATGAGTTGACCTGGTAGTATCGC,74,-15.399999618530272
5066,TGAATCGGGCCAAGTGAGGCAGCCTATGGGGGTGTACAAACCAGGGCAGGGCCACAGGACGGCACATACGCTAGTACC,78,-18.5
198084,ACGACAAGTGGTTTCCCAGACATACAAGTCCACAGGTTGTATCACTCTGGAGAGAGTGGACATGGCGAACTCGTGA,76,-19.5
185342,CTTGCATACTGGTCAACATGATGGCACCGGCACTGGTTTGATCAAGGGTCCATCTGTTTACCCGGTAGTATCGCTC,76,-21.100000381469727
43396,AGGTCCGGATCGCCGACAGCTTCTAGACGGGCTTGTAGCCCCAGAGGGCCCGTGAATTAACGCCCGTCTCTT,72,-23.700000762939453
116755,ATGAAGGGATCGCGAACAGCAACTAATCGACACTGACGCACCTAAGGACCGGTGAGGGAGCATCGCTCTTTTGCTA,76,-17.200000762939453
180407,AGTGCCTAATCGGAAACAGGTTGGCACCGCGACTTTAGTGAGTGCTTGCCCATGAGTTCACGTCTCTCTCTC,72,-16.5
187525,AGTTCAGAATCGCGGACAGCATCTAACGGACATTGGAGCCTCTGAGGGTCCGTGAGTGGGACTCCCTCTATTGG,74,-19.39999961853028
12465,AGAAGCGAATGGACTTCAGGATCTAGCGGGACTTTTAGTGTCTGAGTGTCGATTCGGTAGAGTCCCTCTCTTGG,74,-21.89999961853028
19886,TGAATCTACTGAACGTAAGCATCGCGAGGGAGTTTTACTGCCCAGGTGTCGGCGCACAACAGCATCCCTCTT,72,-16.399999618530273
100470,ATTGCATCTTAGTCAATAACTAGAACCCGACACAGGTTTTACCAATGTCAAATGTGTTGACCTGGTAGGATCGCAGTATCGGCATAT,87,-21.39999961853028
79420,AGTACCTAACGAAGTTACGGCTTTGGGGAGGTTCTTAGAGCGAGGTTAGGTATAAGGGCGAGCATCTCAGTCTC,74,-22.89999961853028
87741,ACTGCACCTGAGTAACTGAATAGAATTTTTCACAGGTTGTATCACTGTCAAAGGTGATGACATGGTAGAATCGTGCAATA,80,-18.700000762939453
157633,ATTGCACCTGAGTCACTAACTAGAACCCTACACAGGTTTTATCAATGTCAAATGAGAGGACCTGGTAGGATCGCGCTATAGCCGTGT,87,-22.600000381469727
24671,TGAATCAAACGAAGTTACGGCGCCTGAGAGTGACTTACAGCAAGGGTATGTGCACAGAACAGCATCCCCTAGAA,74,-15.199999809265137
58129,AGATGCGAATCAGAGACAGGATCTAGAGGGGCTTTTAGAGCGTGAGTGTCCGTGAAGTAGAGCCTCTCTCCT,72,-21.799999237060547
4049,ATTGCATCCTAGTCAACAACTAGAACCTGCCACAGGTTTTACTAATGGCACAGGTGTTGACCTGGTAGAATCGCGG,76,-19.39999961853028
128627,TGATTCGAACGAAATTACGAATCCAGAGACATTGCTAGAGCAAGGGTGTCCGTACACACCAGCATCCCTGATAG,74,-15.100000381469728
14355,ATTGCATCCTAGTCAACAGCTTTTAACCGCCACTGGTTTTACTAATGGCCCATGAGTTGACCTGGTTCTCTTGCAT,76,-16.299999237060547
130384,CCTGCGCGTGGGTCCCTCCAAATGGTTTTCCACATATTGTACCAGACTGGGAACCGCGTCTTAGGAAATGTAGTTA,76,-22.5
50102,ATTGCATCTTAGTCAATAACTAGAACCCGACACAGGTTTTACTAATGTCAAATGAGTGGACCTGGTAGGATCGCGGTATAGAGTTGTTTG,90,-18.700000762939453
179983,TCAATGAGGGGTAGTGACCACGACGTTGAGTGACCACAGACTAGGACAGGTTCACACGTCTGCATACACTAGAATAC,77,-15.899999618530272
225563,TGATGCGAACGAAGTTACGAATCCTAAGGGTTTGCAACAGCCAGGGCGTGGGCACCCGCCTGCATATCTTATAG,74,-18.5
182222,AGTAGATGTGGGACACTCAAAATGGATGACCACCTGCCGTCTCACCTGCATCTGTGTGCCACCGGCTATGTTGCTACATAGA,82,-21.700000762939453
145073,ACTGCACCTGAGTAAATCACTAGGACCCTACACAGGTTGTATCAATGTCAAGTGTGAGGACCTGGGAGACTCGCTC,76,-19.799999237060547
188553,TCGAAGAGGGGTAGTGTGCAAGGCGTTGTGTGAACACAGACTCGGACAGGTCCACACGTCTTCAAAGAAGAGATTCCAAACT,82,-18.39999961853028
18054,TGAAGCGAACGAATTTAAGCATCGCGAGGGAGTGTTAGAGCCAGGGCGTGGGCACACGCCAGCATCTCTTATAG,74,-20.700000762939453
187188,ACTGCATCTGGGTCACTCAACAGGGCCAACAACATGTTGGATCACTTTCATATCTGATTATCTGGGAGAACCGTTCCCAA,80,-15.199999809265137
132708,AGTGCCTAATAGTCAACCGCATTTAACGGACACTGGATTGACTAAGGGTCCATCAGTGGGCCTGGCTCTGTTGC,74,-20.700000762939453
73275,ATTGCATCTTAGTCAATATCTAGTACCCGACACAGGTTTTACTAATGGCCAATGAGTGGACCTGGTAGTATCGCGGTATC,80,-16.299999237060547
68454,TGAATCGAACCAAGTGACGGAGCCAGAGAGAGTCTTAGAGCGAGGCTCTGTGCTCAGAACAGCATCCCTTATGG,74,-17.5
1460,TCGAAGAGGGCACGTGAGCACGCCGTTGTGTGACCACAAACAAGGACAGGTGCACACAACTGCATGGAATAGATTACA,78,-17.899999618530273
153998,AGAGGCGACCTAACTTCAGCATTTTAACGCCTTGCTTTAGTCAGGGGGTCGACGCCTGCCAGCCTCTCTCTTGG,74,-20.100000381469727
51515,ACTGCACCTGAGTGACTAAAAAGAAATCGACACAGGTTGAATCACAGTCATTACTGTGGCTCTGGTAGTATCGTTCAATA,80,-17.899999618530273
90542,ATGGCATCTTAGCCACTAACTAGAATCCTCCACAGGTTTTACCACTGTCAAAGGTGATGACATGGTAGACTCGCTCTCTC,80,-17.200000762939453
93355,ATTGCGCCTGAGTCACTGATTAGAACCTTACACAGGTTGTACCAATGTCAAAGGTGAGGACATGGTAGGATCGTTCAATA,80,-16.5
7092,TCAAAGAGGGGTAGTGAGCACGACGTTGAGTGACCACAGACTAGGACAGGTCCACAGGACTTCAAAGACTAGATTACG,78,-15.0
65264,AGTGCATCCAGATCAACAGCATTGAACGGCCACAGGTTTCTCTAATGGTCCAAGAGTGGACCTGGCACTCTTGG,74,-20.299999237060547
123488,AGTTCATAATGGTCATTCAGCTTGCGCGAGGACTGGAGTGACCACCTGTTTGTTTGTTCACCCGTCCCTATCGC,74,-15.399999618530272
53119,AGAAGAGGATCGTGGACAGCTTCTCACCGGGATGTGAGCCTGTGAGTGCCCGTGAATGAGAATCGTGCTATTTCCT,76,-18.299999237060547
157402,ATGACGGGTTCGTGCACACCTCCAAACCGACAAAGGAACAACTAAGGACCGGCGAGGGCGCATGGTTGTCTCGCTG,76,-18.200000762939453
130924,ATTGCATCTGAGTCACTAACTAGAACCCGACACAGGTTTTACCAATGGCAAATGTGTGGACCTGGTAGTATCGCAG,76,-15.5
15192,TCAAAGGGCGGTAGCGTGTAATCCTAAGTCTGTGCACAAATCAAGACAGGGTCACACGACGTCAAAGACTAGAG,74,-17.5
3324,ACAACGAGCGCACGCCAGCCCACTAAACACGATGCTCGATACAGGTCAGGGGCGAGCGTGGACAGCGAATTTAG,74,-18.5
230275,TCAATGCGGGCACAACTGCGCAGCGTTTTTTGACCACAGAAGCACCTTCATGCCTACATCTACAGGGAAGCCATTCCC,78,-15.899999618530272
170299,ATTGCATCTTAGTCAACAGCTTTTAACCGCCACTGGTTTTACTAATGGCCCATGAGTGGACCTGGTTGTCTTGCCG,76,-15.300000190734863
207495,TCAATGATGCGAAGTGTGCACGACGTTGACTGACCACAGACTAGCACAGGTCCCCACATCTGCATACAAGACATTCC,77,-15.600000381469728
104597,ACTGAGCGTGAGTCACTGATTAGAGCTTTACACAGGTTGTATCAAAGTCAAAGCTGTGTATATGGTAGAATCGTTCAATAGAGGTGGCCT,90,-18.600000381469727
8746,TGAATCAAACGAAGTTACCGCGCCGGTGAGAGACCACCAGCAAGGCTATGTGCACAGAACTGCATACACTAGAA,74,-15.699999809265137
23979,ATTGCACCTGAGTCCCTATTTAGGACCCTCCACAGGTTTTACCAATGGCCCAAGGGATGACCTGGTAGACTTGCCGTATCGATATTTT,88,-18.39999961853028
178964,ATTGCATCTTAGTCAATAACTAGAACCCCACACAGGTTTTACCAATGTCCAATGTGTTGACCTGGTAGGATCGCAGTATGGCCGTGTTTG,90,-17.5
215179,ATTGGATCCAAGTCAACATCATTTAACCGCCCCGGGTTTTTCCAAGGGCCCATGAGTGCCACTGGTTCTATCGC,74,-18.200000762939453
58021,ATTGCCTACTAGTCAACAGCTTTTACCCGCCCTGGGATTTACTAAGGGCCCATGAGTTGACCTGGTAGTCTAGC,74,-21.89999961853028
131914,CGATGCGAACGAAAGTACGCATCGTAAGGGCCTGTTAGAGCCAGGGTGTCGACAACGGCCAGCATCTCCCTT,72,-24.700000762939453
220841,AGTGCATACTAGTCAACAGCTTTTAACCGAGATTGGAGTCACTCATGGCCCGTGAGTTGACCTCGTACTCTCGCGG,76,-17.799999237060547
151419,TCAATGATGCGAAGTGAGCGCGACGTTGAGTGACCACCAACAAGGACAGGTCCACACAACTGCATACACGAGAATCC,77,-16.0
13538,ATTGCACCTTCGTCAGTCACTAGAATTCCACACAGGTTCTAGTACTGTCAAATGAGAGGACATGGGAGTATCGCTCAATAGATATGGTTC,90,-19.0
224532,TGAATCGGACGAAGTGAGGGCGCCTGAGAGTGACCACGAACAAGGGCATGGGCACAGAAGAGCCTCCCCTATAG,74,-16.600000381469727
36254,CGGAGCGAATCAACGACAGCATCTTGAGGGGCTTTTAGTCCCAGAGTGTCGGCGAAGTAGAGGCCCTCTCTT,72,-21.600000381469727
201666,ATTGCATCTTAGTCAATATCTATGACCCCCCACAGGTTTTACCAATGGCCAATGAGTTGACCTGGTAGGATCGCAG,76,-15.699999809265137
41040,ATTGCATGTTAGTAACTGACTAGAATCTTACACAGGTTCTAGTAATGTCAAGTGAGATGACATGGGAGGACCGCTGAATCGGCATGTTTC,90,-22.89999961853028
156101,ATGTCGGGTGCGTGCATGTCAATAAACCTACACAGGTACAATTAATGACAGTGGAGCGCAGCTGGGTGTCTCGTTGTATAGAGCTGGTTC,90,-23.5
197037,ATTGCATACTAGTCAACAGCTTTTAACCGCCATTGGAGTCACTCATGGCCCATGAGTGGACCTGGTACTATTGCGG,76,-18.799999237060547
32764,ATGGCAGGCTAGTCAACAGCTTTTAACCGCCCTGGGTTTTTCTAAGGGCCCATGAGTGGAGCTGGTAGTATCGCGT,76,-22.200000762939453
105180,ACTGCACCTGAGTCACTGAGGAGAGTTTTACACAGGTTGAATCACAATCATCTCTGTTTCTATGGGAGTACCGTTCAATAGATATT,86,-15.100000381469728
167097,ATTGCATAATAGTCAACAGCTTTTAACCGCGACTGGAGTCACTCATGGCCCATGAGTGGACCTGGTACTCTCGC,74,-17.799999237060547
207296,TCGATGAGGGGTAGTGACCACGCCGTTGAGTGACCACAGACTAGGACAGGTGCACAGGACTGCATCCAAGAGATTACC,78,-16.5
23458,AGATGAGCCTTGACCACAGCATCTAACCGGCCTGTTAGTCTCTCAGGGCCGATGAGGGCGACTGCCTCTCTT,72,-20.299999237060547
231253,AGTTCCGAACCAACCACCGCATCTAAAGGCGATTTTAGAGTCTGGGGGTCGATGAGGGCGCGCCTCTCTCTTGC,74,-18.5
12732,TGGATGAGCTGACGGGAGGCCGCCTTATTGTGACCTCGCACGAGACTTGGAGCGAAGAAGGACCCGGAAGCTAGTACC,78,-21.200000762939453
74097,ACTGTTCCTGGTATTCTCTAAAAGGATGCCACCATATTGGATCACACGGGTAACCGCGTCTTAGGCCAAGTCGT,74,-17.5
207653,AGAGGAGCCAGAACCTCCGCATCTAACCGCCATGTTTTATTCTGGGCGCCGATTCGGGCGATTGCCTCTTTTGG,74,-18.89999961853028
97541,TGAAGCGAATGAAGTTAAGCATCTAAAGGGGCTGTTAGACCCAGGGTGTCGGCGCCGGAGAGCCCCTCTTTTAG,74,-18.5
52507,AGATGCGAATGGACGACAGCATCTAACCGGGCTTGTAGTGTCTGAGTGTCCGTGAGTTCAACTCCCTCTCTTGC,74,-15.600000381469728
173579,CTGGGAGGCTAGTCCACATCATTTAACCGACACGGGTTCTACTAAGGGCCCAGGAGTGGAGCTGGTTCTCTTGC,74,-24.89999961853028
223929,ACTGCGCGTGAGTCACTGATTAGAATTTTACACAGGTTGTATCACTGTCAAAGCTGAGTAGATGGGAGAATCGCTCAATAGCTATGGT,88,-16.700000762939453
211770,AGAGGAGGCTTGACCACAGCATCTAACCGGCCTGGGAGTCTCAGAGGGTCCATGAGTGCGACCCCTTCTTTTGG,74,-19.799999237060547
57582,ATGGCATGTTAGTCAATAACTAGAACCCGACACAGGTTTTACCAATGGCAAATGAGTGGACATGGTAGGATCGCGGTCTCGAGTTGATTC,90,-19.89999961853028
180125,ATTGCCTAATAGTCAACAACTATGACCCGCCACTGGATTTACCAATGGCCCATGAGTTGACCTGGTTGTCTCGCCGTCTCGGGATAT,87,-23.600000381469727
149334,TCGAAGAGGTCGCGCGTGCGCCGCGTTCTACGAACGCACATCAAAACACTTCCCAAGAACGTAGGGGATGAAGATCCT,78,-19.100000381469727
208227,CGGGCGGGCGAGTCAACATCTAGACCCTTTCCCGGGTTTTAGCAATGGCAAGGGAGTGGACCTGGGAGAATCGCAC,76,-22.299999237060547
201001,TCAATGAGGGCACGTGAGCACGACGTTGAGTGACCACAGACTAGGACAGGTGCCCAGAACTGCATAGAAGCGATTACC,78,-18.0
105598,TCGAAGAGGGGTCGCGAGCACAGCGTTTTTTGACCACAGACACACACAGGTGCACACAACTACAAGGAAGCGATTCCT,78,-16.5
139079,TGGACAGGCTAGCCCACATCTTCAAGATGGTATTGGAGGTACTAAGCGGCAGGGAGTAGGCATCAGTGTATTGCCA,76,-18.799999237060547
230353,ATTGCATCTTAGTCACCAACTATGACCCGAGACAGGTTTTACTAATGGCCCATGAGTTGACCTGGTTGTCTCGCGG,76,-18.600000381469727
183370,TCGGAGAGCGGTTTCCTGCAAAGGGTATTGTAAACATAGTATCAGACAGGTTCACGCGTCTTCAAGGAATTGATTAAATA,80,-20.299999237060547
107468,TGAATCCAACGAAATTACGGAGACGTTGAGAGTCTACGAGCAAGGCTTTGGACCCAGACCTGCATATCTGCTATTTCC,78,-15.0
138046,ATTGCATCTTAGTCAACAACTCGGCCCCTGGATTGGAGTTAGTAATGGCAAGTGAGATGACCTCGGAGAATCGCGG,76,-16.799999237060547
106590,AGAGGATCATGGACCAACGCATTTAACCGCGCTGTTAGTGTCTGGGCGTCGATGACGGAGAGTCCCTCTGTT,72,-16.399999618530273
82308,ACTGCATCTTAGTCAATAAGTAGACCCTCAGACTGGATTTAGCAATGTCAAATCTGTTGACATGGGAGAATCGCTCTATCGAGCTGTTTG,90,-19.200000762939453
143705,TCGAAGAGGGCTCGCCTGCCAAATTTTTTTCGGACACAGAATGGGACAGGGACGCAAGTGGAAGGGGAAGCCATTCCCCA,80,-21.39999961853028
31290,TGATGCGAACGAAGTTACGCATCCAAAGGGAGTGTTAGAGCCAGGGTGTCCGCACCGGCCAGCATCCCTTATAG,74,-28.299999237060547
69660,TCAAAGAGCGGAAGTGAGCACGCCTGAGAGTGAGCACAAACAAGGACAGGGGCACACGACGGCATAGACTATAGTACC,78,-15.300000190734863
228367,ATTGCATCCTAGTCAACATCTTTGCACCGACACTGGTTTTACCAAGGGCCCATGAGTTGACCTGGTAGTATCGC,74,-16.5
167738,TGAATCAGACCAAGGGAGGACGCCTGAGAGTGACCAAGAGCCAGGGCAGGGGCACAGAAGAGCCCCCCCTCTAG,74,-21.5
88517,ATTGCATCTTAGTCAACAAGTCGGCCCCCACACTGGATTGAGTAACGGCCCATGTGTTGACCTGGTAGTATAGCGG,76,-19.100000381469727
104658,ATTGCATCTTAGTCAACATCTATTACCCGCCACTGGTTTTACCAATGGCCAATGAGTGGACCTGGTAGTCTCGCCG,76,-15.5
61848,ACTATCCAATGAAGTTAGGGCTACCGGGAGAGTCTTAGAGCTAGGCTTGCTATCTAGTCCAGTATCCCAGTT,72,-15.100000381469728
40996,TCGAAGAGGGGTAGTGAGCACGACGTTTTGTGACCACAGACTCGCACAGGTGCATACATCTACATGCAAGAGATTCCC,78,-17.5
99954,AGTGGATAATAGTCAACAGCTTTTAACCGACACTGGAGTCTGTAAGGGCCCGTGAGTTGACCTGGTACTATTGCGG,76,-18.200000762939453
81327,TCGAAGAGGGGTAGTGTGCGCGACGTTGTGTGACCACCGACTCGCACAGGTCACCACATCTACATAGAAGAGATTCAAAACT,82,-23.0
217641,TGATTCGAACCAAATGACGGAGCCAGGGACGGTCCAAGAGCCAGCCGGTGGGCCCACATCTGCATCCCTTCTAATACC,78,-17.100000381469727
117683,ATTGCATCTTAGTCAATAACTATGACCCCAGACAGGTTTTACTAATGGCCCATGTGTTGACCTGGTAGTATCGCCGTATCGGCATAT,87,-17.5
116610,AGTGCCGACTAGTCGACAGCTTTTAACCGCCCTTGGAGTCTCTAAGGGCCCATGAGTGGAACTCCTTCTCTTGC,74,-19.200000762939453
120703,AGTAGTTAACGGATTTACTGATAGCATGCGAGCGTTTCGGTTCAACTGTCTATCCGGTCCATCGTCCGTGTTGC,74,-17.299999237060547
98754,ACGATCCAACCGCGACAGAGCGGAGTTTAAGACCCACAGGCGTGCCTTATTATCTAGTACTGCGGGTGAGCCTCTCAAAA,80,-17.399999618530273
201716,TCAGGTCACAGAAATTTCTGAGCGGGAGTGAGTCCACAAGCCCAGATGTTGACCCACGCCTGCATA,66,-21.100000381469727
155499,TGAATCGGCCGAAGTTACGAATCCTGAGGGAGTGTTACAGCCAGGGCGTGGGCACCGGCCAGCATCCCTTATAG,74,-23.600000381469727
13452,AGATTCCAACCACAGTACGGCGAGATTGAGGGACCAAGAGCGAGCCTGTTTGTCCAGACCTGCATCTCTGCCTCGC,76,-17.5
56212,ATTGCCTAATGGACAACAGCATTTAACCGCGATTGGAGTGTCTAAGGGTCCATTAGTGGACCTGGTTCTATCGG,74,-16.600000381469727
50888,TCGAAGAGGGGTAGTGTGCACGGCGTTGTGTGAACACAGAATCACACAGGTCCCCACATCTACATGCAAGAGATTCCA,78,-20.39999961853028
56710,ATTGCAGACTAGTCAACAGCTTTTAACCGACATTGGAGTCTCTAAGGGCCCATGAGTGGACCTGCTTCTATTGC,74,-18.299999237060547
204563,TCGAAGAGGGGTAGTGTGCACACCGTTGTGTGACCACAGACTCGCCCAGGTGCACACAAGTACATGCAATAGATTACA,78,-18.39999961853028
76802,ACTGCATTTGGTTTACCAGACAGGCTCTTCGTCTGGAGGTATTGCTTGCAAGAGTGATTACATATCGCACTC,72,-18.89999961853028
52815,ATTGCAGGTTAGTCCACATCTATTAACCGACACAGGTTTTACTAATGGCCAATGAGTGGGGCTGGTTGTATCGCCG,76,-18.299999237060547
23650,ATTGCATAATAGTCAACAGCTTTTAACCGCCATTTGAGTCTCTAAGGGCCCATGAGTGGGCCTGGCTCTCTTGC,74,-18.299999237060547
179803,ATCGCAGCCTAGTCAACAGCTTTTAACCGCCATGGGAGTCTCTCAGGGCCCATGAGTGGACCTGGTTCTCTTGC,74,-17.200000762939453
162555,ATAGGAGACTGGACGACAGCTTTTCACCGCCCTGTGTTTGTCCAAGGGTCCAGGAGTGCACTTGCTTCTCTTGC,74,-19.799999237060547
149382,TGATTCTAACCAGAGTACGGCGAGATGTAGGGACGTAGAGCGTGCCTGTTCGTCAAGACGCGCATCCCTCCCTCGCAT,78,-22.39999961853028
88669,ATTGCATGTTAGTCAACAGCAATTAACGGCCACTGGTTAAACTAGTGGCCAGTGAGTGGAACTCCCTCTCTCGT,74,-28.100000381469727
115198,CGATGCTAATGAACGTCAGCATCTAGCGGCGTTTTTAGAGTCTGGGTGTCCGTGCCGAAGAGCCCCTCTCTT,72,-19.299999237060547
86354,TCAATGAGGGGTAGTGAGCGCGACGTTGAGAGACCACAGACTCGCCCATGTCCCCACATCTGCATACAAGACAATCCA,78,-19.39999961853028
169112,ATTGCATCTGAGTCACTAATTAGACCCCTACACAGGTTTTATCACTGGCAAATGTGTTGACCTGGTAGGATCGCGC,76,-21.700000762939453
35458,TGGAAGAGGTAGCGCGTGCACACATTTTTTTAACCTCAGACGCCCTCTGAGGCGTAAAAGGAGCGGGGAGCTATTATATA,80,-22.0
212813,AGATTCGAACCAAGCAACGCATCTAAAGGCGTTGCTAGAACCAGGGCGTCGGCGACGGAGGGTCCCTCTTAT,72,-19.5
123584,TCTGCGGGACCACGTAAAGCATCTTAAGGGCTTGGGTAAACCAGAGCGTGTGAAACCGCAGGCACCTCTTTCGG,74,-19.799999237060547
84283,TCGAAGAGGGCAAGTGAGCACGCCGTTTTGTGACCACAGACACGGACAGGTGCACACAACTACATAGAAGCGATTCAT,78,-15.699999809265137
94105,TCGAAGAGGGGTTGTCAGCACAGAGTTTTGTGACCACCGACTCGCACAGATGCATACAACGACAAGGAAGCGATTCCAAATT,82,-16.200000762939453
209598,ATTGCCCACCCATCAACAGCATTGAACCGCCACAGGTTACACTCATGGCCCATGAGTGGACTTGGCACTCTCGGGG,76,-21.700000762939453
871,AGATTCCAACGGACTTACGGATATAATGGGCGCGTTATAGCCAGGAGGTCGATCACGGCCAGCGTATCTGTTTC,74,-19.5
147479,TCGAAGAGGGGTAGTGAGCGCGCCGTTGTGTGACTACCGACTCGGACAGGTCCACACAACGACAGAGAAGCGAATACAAACT,82,-21.0
42142,ATTGCATCTTAGTCAACAGCTTTTAACCGCCACAGGTTTCACTAATGGCCCATGAGTGGACCTGGTAGTATCGCGG,76,-16.100000381469727
216441,TCGAAGAGGGGTAGTGTGCACGACGTTGAGTGACCACAGACTCGGACAGGTCCACACATCTACATAGAAGAGAATCCGAACT,82,-16.899999618530273
98528,ATTGCATCTTAGTCACTTAGCAGAATCTCACACAGGTTTTATTACTGTCACATCTGATGACCTGGGAGAATCGCGC,76,-15.600000381469728
217307,AGTGGATCCTGGACCACAGCATTTAACCGCCATTGGAGTCTCTGAGGGTCCATGAGTGGGACTGCCTCTCTTGG,74,-24.100000381469727
47253,AGTTTCAAACGAGAGGAGGGCGCCCTTTAGTGATTTAGCCCGAGCCTTTGCGTGAAGTGAAGCCCCCCATCT,72,-17.799999237060547
108648,ATGGCCGGCTCGCCAACGGCTCGTAAGTGCCATGGTCGTTACTAATGGCCCGTGAATATGCATGGTTGGCTT,72,-22.39999961853028
70794,AGTTCCTAATGGACAACAAGCGGAAGCTGGCACCGTAGTGCCTGGGTGTCCATCAGGTACAGCCTGTCTCCT,72,-23.700000762939453
182907,AGATGCGAACGAATTTACGGATCTAGAGAGGTTGTTAGAGCCAGGGTGTCGATGCCGGACAGCCTCTCTTTTAG,74,-23.89999961853028
224495,ATTGCATCTTAGTCAACATCTTTTAACCGACACGGGTTTTTCCAATGGCCCATGTGTTGACCTGGTTGTCTTGC,74,-16.299999237060547
200898,AGCTCCGAATCAGCGACAGCTTCTAACCGCGTTTGTAGTGCCTGAGGGCCCGTGAGTTCACGTCCTTCTCTT,72,-15.600000381469728
59203,ATTGCACCTGAGTCACTATCTAGAACCCTACACAGGTTGTATCAATCTCAATGGAGAGGAGCTGGTAGGATCGTTGAATAGATTTGG,87,-16.600000381469727
195927,ACGACGAGTGAGCGACAGCACAGAGTTTTAGACCCTCTGAATTGCTCTAATGTGTAGTAAGATGGGTGACCC,72,-15.199999809265137
85583,TCGAAGGGCGCGCGCAAACCAGCATAATGGTGAACGGACACTAGAGGACTTGCGAACGCAGATAGGGATTTAGGTATTTCGAGC,84,-16.100000381469727
206728,CGATGCGAATGAACGACAGCATCTAGCCGGGCTGTTAGTGTCTGAGTGTCCGTGAGGACGAGCCCCTCTCTT,72,-19.5
209623,AGTGGAGGCGGGTCTACATCATTTCACCGGCACGGGTTGTTTCAAGCGTCGATGAGTGCAGCTGCCTCTCTTGC,74,-22.600000381469727
75268,ATTGCATCTTAGTCAACATCTATGAACCGCCACAGGTTTTACCAATGGCCCATGTGTGGACCTGGTAGTATAGCGGTATC,80,-16.399999618530273
202023,TGATTCAAACCAAATTACGGCGACTGTGAGGTACTTAGAGCAAGGCTTTGGGTCCAGACCTGCATCCCTGACAG,74,-16.5
136070,TCGAAGAGGCCACGTGAGCACGCCTTTGAGTGACCACAAACAAGGCCAGGTGCACACAACTGCATAGAATCGAATACT,78,-18.0
80395,TCGAAGAGCGGACGCGAGCACGCCTTTTAGTGACCACCGACCAGGACAGGGGCACAGGACGGCCTAGATTATAGTAAA,78,-15.899999618530272
145020,ATTGCATCTCGGACTTCAGCATTTAACCGCCTTGGGTTTGTCCAGGGGTCCATGAGTGGCCCTGTCTCTATCGG,74,-17.799999237060547
125578,TCGAAGAGGGCTCGTGTGCACAGAGTTTTTTGACCACAGACTCACACAGGTGCACACATCTACAAGGAAGCGATTCGG,78,-19.100000381469727
149707,AGGTCCAGACCACGCGAGGACAAATTTTACGACACTCGATAGAGCTGTGGGGTGACGGAACGTCTCTCACTT,72,-17.0
221389,AGATCCGAACCAGAGTACGGCGCCAGGGAGGGTTGTAGAGCGAGGCTGTCCGTAAAGACCAGCCTCTCTCGTTG,74,-24.5
78989,ATTGCATCTTAGTCAACAGCTTTTAACCGCCATTGGAGTTACTAATGGCCCATGAGTGGACCTGGTTGTATTGCGG,76,-16.899999618530273
143429,ATTGCATGTTAGTCAACAGCTTTTAACCGCCATTGGTTTTACTAATGGCCCATGAGTGGACCTGGTTCTCTTGCGA,76,-17.899999618530273
32776,TCGAAGAGGGCGCGTGAGCGCGGCGTTTTTTGACCACAGACACACCCAGGTGCCTACAACTACATGGAAGCGATTCAT,78,-16.799999237060547
79857,AGTGCATACTATTCCACAGCATTTAACCGCCTTGGGTTATACTAAGGGCCCAGGAGAGGACCTGGTTCTCTTGG,74,-21.200000762939453
130488,CTGGCGGGCTAGTGAACATCTAGACACTGACAGAGGTACAACCAAGCGCAATGGAGTGGGCATGGTAGTATCGTTCTTTCGATCTGGTTC,90,-24.100000381469727
96376,ACGGAACGTGCGCAACTGACTAGAATTTTACACAGGCAGAATTACAGTCAACGCTGAGGGCATGGGAGAATCGTGCTATAGATCTCGTTA,90,-18.100000381469727
131528,AGATGCGAATCAGAGACAGGTTCTAACCGGGATTGTAGTGTCTGAGTGTCCATGAGTTCACGTCGTTCTCTTTC,74,-15.699999809265137
78456,AGTTCCTAATCGGAAACCGGTTTTACCGACGACTGTAGTGAGTCCTTTACCATGAGGTGGCCTCGCTCTCTC,72,-17.399999618530273
122490,TGAAGCGAACGAAGTTAAGCATCCTAAGGGAGTGTTAGAGCCAGGGTATCGGCAAAGGACAGCCCCTCAGTTAC,74,-16.700000762939453
163508,AGATGCTAACGAAAGAAAGGATCTAACGGGGCTTTTAGAGTCAGAGTGTCCATGACGTCCAGCCTCTCTCTT,72,-15.800000190734863
27484,ATCGCATCCTAGTCCACAGCTTTTAACCGCCATTGGTTTTTCTAAGGGCCCATGAGTGGACCTGGTTCTCTTGC,74,-16.600000381469727
104232,AGTTCCTAACCACAGAAAGCTTCCAGTGGGGAATGTAGAGCGTGCCTGTCCGTGAGTTCACGCCCCTCTCTCGGG,75,-16.799999237060547
4298,TCAATGAGGGGAAGTGAGCACGCCGTTGAGTGACCACCAACAAGGACAGGTGCACACAACTGCATACAAGAGAATAC,77,-15.0
27390,TCTAAGAAGCGAAGTGTCCACGACGTTGACAGACCACAAACAAGGACATGTCCTCACGTCTTCATACACTACATTACA,78,-15.399999618530272
226392,TCGAAGAGTGCGCAAGTGCACAGAGTTTTTTACACACAGAATCACTCTGATGGCTTATTATACAGGGAAGCCATTCAAAACATATG,86,-17.5
191308,ACGAAGAGTGAGCGCCTGCACAGAGTTTTACACAAACAGAATTACACAGGTCCCCAGGGGGATGGGGGATTGATTCGATAGATTTC,86,-16.399999618530273
55060,TCGATGAGGGGTGGTGAGCGCGCCGTTGTGTGACCACAGACTAGCACATGTGCCCACATCTGCATGCAAGACATTCCC,78,-20.39999961853028
53882,AGATCAGGCTCGTCGACAGCATCTAACCGGCCTTGGAGTCTCAGAGGGTCCGTGAGTGCAACTCCCTCTATTGC,74,-17.600000381469727
40967,ATTGCACCTGAGTCACTCTAAAATACTCCCCACATGTTGGATCACTGTCCAATCTGAGGGGATGGTAGTATTGTTCTAATGC,82,-20.299999237060547
164558,AGTGTCCAACCAGCGTCCGGAGATAGTGACGACTTTAGAGTCTGGTGGTCGATTATGTCGCGCGTCTCTCCTTG,74,-17.0
96855,AGTGGCTAATTAACGACAGCTTCGAGCCGCGCTTGTAGTGTCTAAGGGTCCATGAGGTGACCTGCCTCTCTT,72,-19.700000762939453
70720,ATTGCATCTGAGTCACTAATTAGAACCCGACACAGGTTTTACCAATGGCAAATGTGATGACCTGGTAGAATCGCGG,76,-15.800000190734863
42785,AGAGGCTAACGAACTTCAGGATCGCACGGGACTTTGAGAGTCAGAGTGTCCATTCGGACGATCGTCCCTATTGG,74,-17.600000381469727
132204,ACTGCATCTGAGTCACTAACTAGGCCCCCTCACAGGTTTGATCACTGGCAAATGTGATGACCTGGTAGGATCGTGC,76,-19.5
62889,CTTGCATCCAGATCCACAGCTTTGAACCGCCCTTGGAGTTTCTAAGGGCCCAGGAGTGCACCTGGTTCTCTTGC,74,-22.39999961853028
175411,TCGAAGAGGGCGCGCCAGCCCAGACTTTTGTGACCACACAAGAGCACACAAGCGAGCGAAGATAGGGAATCCATTCGATAGA,82,-19.799999237060547
132336,ATTGCATCTGGGTCACTCAAAAGGGCCCTCCACAGGTTTTATCACTGGCAAAATTGATGATCTGGTTGACTCGTTC,76,-15.0
150889,ACTGCACGTGAGTCACTGTATAGGACTCTCCACACGTTGTATCACACTCAATGCCGAGTATATGGTAGAATCGTTCAATA,80,-16.700000762939453
161009,ATGTCCTATTAGTCAACAACTAGAACCTCACACTGGAGTTACTCATGTCCCGTGAGTTGACATGGGTGTCTA,72,-16.299999237060547
186505,CTAGCATCCTAGTCAACATCAATTAACCGACATGGGACTTACTAAGGGCCCATCAGTGCACTTGGTTGTATTGCTA,76,-15.100000381469728
16421,TCGAAGAGGGGTCGTGTGCACAGAGTTTTTTGAACACAGACTCACACAGGTCCCCACATCTACAAAGAAGCCATTCC,77,-18.5
86766,TCAATCAAACCACGTGAGCGCGCCGTGGAGTGACCACGAACGAGGCTAGGTGCACAGAACTGCATCCAAGCTATTAAT,78,-19.799999237060547
64270,ACTGCACCTGAGTCACTAATTAGACCCTTTCACAGGTTGTATCACTATCAAAGCTGATGACATGGTAGAATCGTTCGATAGCCTTGGCGG,90,-16.399999618530273
172145,ACTGCCTAACGAGAATTCAGTCAGCTCTAGTTCAGTAGTGAGCGCCTGCTCGTCTTATTACGCATGCGAACCTTGCAT,78,-16.5
123957,TCGAAGAGGGCGCGTGAGCAAAACTATTTTCGCACACAGACTAGGACAGGTTCACCCGCCTGCATACACTACATTCAA,78,-18.200000762939453
8218,AGAGGCTAACGAATTTCAGGATTGAGCGACACTTTTAGTGTCAGGGTGTCCATTCCGTCCAGCGTCTCTCTT,72,-18.0
38647,TGATGCGGACCAAGTTACGGAGCCTGAGAGTGTCCACCAGCAAGGGTATGGGCACACACCAGCATACACTATAG,74,-15.399999618530272
139336,AGAGTCTAACGAACTTCAGCATCTAACGGGACTTTGAGAGTCAGAGTGTCCGTGCGGGCGAGCCCCTCTCTTGG,74,-17.0
62404,ATTGGATACAGTACTTCATCATTGAACCGCCTTAGGTTTGTCTAAGGGTCCATTCGTGGGCCTGGCACTATTGG,74,-17.200000762939453
26390,TCTAAGAAGGGGGATCTGAGCGACGTTTAGTGACCACCGACTCGCCTAGTTGACTACATCTGCATGCGAGCCATTCAAAATATATTGC,88,-17.5
11439,ATTGCATCTGAGTCACTAACTATGACCCTCCACAGGTTTTACCACTGGCAAAGGTGATGACCTGGTAGAATCGCGG,76,-15.600000381469728
8077,ATGGAAGGCGAGTGCACATCTATTAACCGACACAGGTTCTACTAATCGCAAAGGAGAGGAGCTGGTAGGATCGCGG,76,-16.399999618530273
228791,AGTGGCTAATAGTCAACAGCATTTAACCGACATTGTAGTGCCTGAGGGTCCATGAGTTCACGTGGCTCTCTTGC,74,-18.0
103910,AGATGCGAACGAAAGTAAGGATCTAGAGGGGCTTTTAGAGTCTGAGTGTCCGTGAAGACGAGCCTCCCTCTT,72,-19.299999237060547
126706,TGAATCAGACGAAGTGAGCACGCCTGAGAGTGACCAAGAACAAGGCCAGGGGCACAGAACAGCCCCCAATATAACAC,77,-15.0
209908,AGAGGCGAACCAACGTCAGCATCTAACCGCGTTGTTAGAGTCTGGGTGTCCATGACTGCGAGCCCCTCTCTT,72,-15.399999618530272
112209,ATTGCATCTGAGTCACTAACTATAACCCTCCACAGGTTTTACTACTGGCAAATGTGTGGACCTGGTAGGATCGCGG,76,-16.799999237060547
113736,AGATTCCAACGAAATTACGGCGCCAGTGAGAGTCTTAGAGCAAGGCTGTTGGTACCGACCAGCCTCCCTTATTG,74,-17.700000762939453
42633,AGTGCCTAACCAGCAATAGCTTATAACCACGTCTGTAGTGAGTGCTTGCACGTGAGTTCACCTCTCACACTC,72,-15.399999618530272
114828,ACTGCATCTGAGTCACTCAGAAGAACCTCCCACAGGTTGAATCACTGTCAGATCTGTTGATATGGTAGTATCGTTCAAAA,80,-17.799999237060547
133690,TCTATTAGGGGAAGTGACCACAACGTTGACAGCCCTCCGGCTAGGACAGGGCCTCAGAACTACCTCGAAGCTAATACA,78,-15.699999809265137
181571,ATGGCATGTTAGTCAACAACTAGAACCCGACACTGGAGTTACTAATGGCACGTGAGTTGACCTCGTAGTATAGCGGTATCGCGCTGTTTG,90,-18.299999237060547
138875,TCAAAGAGGGGTAGTGAGCACGCCGTTGAGTGACCACAGACACGGACAGGTTCACACAACTACATAGAATAGAATAC,77,-17.0
25243,AGTGCCTAACCAACAATAGGATGGAGCGACGACTGGAGTGACTGACTGTCCATCAGGTCCCGTGTCTCTATCGC,74,-19.200000762939453
2913,ATTTCAGCCTGGACCACATCATCTAAACGGCATGGTATTCTCTGAGCGGCGATGAGGGGGGCTCCCTCTCTTGC,74,-21.0
121050,ATTGCATCTGAGTCACTAATTAGAACCCCACACAGGTTTTATCAATGTCAAATGTGTTGACCTGGTAGGATCGCACAATAGCCTTGTTTG,90,-15.600000381469728
233484,TGAGGCGACAGAACTTCAGCATCTCGAGGGACTGTTACTGTCAAGGCGTCGACGCATGCCAGCACTTCTTTTGG,74,-17.5
30719,AGATGCTAACGAACGTCAGCATTTAACGGCGTTTTTAGAGTCTGGGTGTCCATGACGGCGAGTCTCTCTCTT,72,-19.700000762939453
211163,AGATGCGAACTAACTTCAGCATCTAACGGCGCTGTTAGAGTCTGGGGGTCCATAACGGCCAGCCTCTCTCTT,72,-20.600000381469727
31261,TGAATCAAACGAATTTACGGCGCGGGAGAGAGTCCAACAGCAAGGCTCTGTCCTCAGAACTGCATCCCCGATAG,74,-15.399999618530272
34476,TCGAACAGGCCAAGTGAGCACGCCTTTTAGTGACCACAAACAAGGACAGGTGCCCACAACTGCATGGAATCGATTACT,78,-15.300000190734863
92567,TCGAAGAGGGGTAGTGAGCACGCCGTTGAGTGACCACCGACAAGGACAGGTGCACACAACTACATACAATAGAATACT,78,-15.100000381469728
167536,ACGACATGTGCGTGACTAAGAAGAAATCCAGAAAGGAACAATCACCGACTTGTGAGCGTACATGGTAGTATCGTGA,76,-15.800000190734863
136545,TCAATGAGGCGAAGTGACCACGCCGGTGAGTGTCCACAAACAAGGACAGGGCCACAGGACTGCATACAATAGATTAC,77,-15.899999618530272
114727,AGTGCATATTAGTCAACATCTTTTAACCGACACTGGAGTCTCTAAGGGCCCGTGAGTTGACCTGGTAGTATAGC,74,-16.799999237060547
78225,TCAAAGAGTGGTAGTGAGCGCGCCGTTGAGTGACCACAGACTAGCCCAGGTGCACACAAGTACAAGGAAGAGATTACA,78,-16.700000762939453
196520,TCAATGGGCCGAAGTTAGGAATCCTGAGAGTGTCCACAAACAAGGGCATGGGCACACGACGGCATATACTAGAG,74,-16.5
125384,TCTATGCTGGGTAGTGTCCGCGAGGTTGACAGCACACCGGATCGGACATGTCACCTCGTCTTCATACACGACATTCCAAACT,82,-22.700000762939453
198275,ATTGCCTAATCGTCAACAGCATTTAACCGCCATTGGATTCACTCATGGTCCGTGAGTGGACCTCGCTCTCTCGC,74,-15.0
5028,TGAAGCGAACGAAGTTACGCATCCTAAGGGAGTGTTAGAGCCAGGGTGTCGGCAACGGCGAGCATCCCTTATAG,74,-20.700000762939453
95857,ACTTTCCAACGAAGTGTCAGCGAGGTTGACAACCTACTAGCTAGCCTTAGTATTCAGATCTGCATCCCTGACATTCCA,78,-15.399999618530272
231600,TGAATGGGACGAAGTGAGCGCGCCTTGGAGTGACCACCAACAAGGCTATGTGCACAGAACAGCATATAAGCTAATACT,78,-17.299999237060547
37732,ATTGCATCTGAGTCACTAACTATAACCCGACACAGGTTTTATCACTGGCAAAGGTGAGGACCTGGTAGGATCGTGG,76,-18.100000381469727
115003,AGTAGAGGCTTGTCCGCATCAATTAAAGGCCACTTTTTGATCAGGGCGGCGAGGAGGGCGGGTCGCTCTCTTGGTA,76,-26.799999237060547
231747,ATTGCATCTTAGTCAACATCTTTTACCCGCCACTGGTTTTACTAATGGCCCATGAGTTGACCTGGTAGTATCGC,74,-15.0
156071,TCGAAGAGGGTGCGCGTGCACAGAGTTTTTCGCACACAGAATGAGACAGGTTCATGCGGCGAACGGGAATCCATTCCATA,80,-16.899999618530273
117307,ATGGCAGGCTAGTCAACATCTATAAACCGACACAGGTTTTACTAATGGCCAAGGAGTGGACCTGGTAGTATCGCGG,76,-17.700000762939453
72229,ATTGCATCTTAGTCAACATCTATTACCCGACACAGGTTTTACTAATGGCCCATGAGTTGACCTGGTAGTATCGCGGTATCGCGTTGTTTG,90,-17.0
54248,ACTGCACCTGAGTCACTTATAAGGACTCTTCACAGGTTGTATCACAGTCAAATCTGAGTCTCTGGTAGTATCGTTCAATAGATATG,86,-15.100000381469728
206892,ACTGCACCTGAGTCACTGACTAGACCCTTACACAGGTTGTATCACCGTCAAATCTGATGACATGGGAGAATCGCTCTCTA,80,-16.200000762939453
192420,TGATGCGACTGAAGTAAAGCATCTCGAGGGAGTTGTAGAGCCAGAGCGTCGGCAACGAACAGCCCATCTTATAG,74,-18.299999237060547
20166,ATTGCACGTTAGTCACTATCTAGAAACCGACACAGGTTCTATCAATGGCAATGGAGTGGACCTGGTAGGATCGCTGAATAGAGCTGATTC,90,-23.700000762939453
180266,ACTGCACCTGAGTCACTGATTAGAGCCTTTCACAGGTTGTATCACTCTCAATACTGAGGAGATGGGAGAATCGTTCAATAGATATGGCAG,90,-17.799999237060547
177366,CGATCCGAATCAAAGACAGCTTCCCGAGGGGTTTGTAGAGCGTGAGTGTCCGTGAATAGGAGCCCCTCTCGT,72,-21.299999237060547
209568,ATTGCCTAATAGTCAACAGCTTTGAACCGCCATTGGAGTGACTAATGGCCCATGAGTTCACCTGGTTCTCTC,72,-15.600000381469728
98784,AGTGCCTAATAGTCAACAGCTTTTAACCGCGATTGGAGTTACTCATGGCCCATGAGTTGACCTGGTTCTCTT,72,-15.300000190734863
91401,AGATGAGGATGAACCACAGCATCTAACGGGGCTTGGAGTCTCTGGGCGTCCGCGAGTGGAACTCCCTCTTTTGG,74,-20.700000762939453
67640,TCGAAGAGGGCGCACGTGCACAGACTTTTTTGACCACAGAAGCCCACTGATGCGTAAAAATAGCGGGAAGCCTTTCGCTA,80,-19.39999961853028
115993,ATTGCATCTGAGTCACTTAATAGAACCCTTCACAGGTTGTATCACTGTCAAATCTGAGGACATGGTAGGATCGCTCAATAGCTATGGTTC,90,-16.100000381469727
82084,ATTGGATCCTAGTCAACATCATTTAACCGCCACGTGTTTTTCTAAGGGCCCATGAGTGGGCCTGGTTCTATTGC,74,-15.600000381469728
61139,ATTGCACCTGAGTCACTAACTATAACCCCCCACAGGTTGTACCAATGTCAAAGGTGAGGACATGGTAGGCTCGCAC,76,-16.5
206182,TTGACGCGTGAGTCACTCAGAAAAATTTTACACATACTCAATCAGAGACTTATCTCGGTCGGTGGTTGTGCATTTCAAAAGATGTGGCGT,90,-17.5
223073,TGAAGCGAACCAAGGGACGCCGCCTGAGGGGGTGCTAGACCAAGGGTATCGGCACAGAAGAGCCTCCCTTATAG,74,-20.0
216574,AGAGGCTAATGAACGACAGCATCGAGCGGGACTTGGAGTGTCTGAGTGTCCGTGAGTTGAACCCCCTCTCTT,72,-17.200000762939453
118057,AGAGCCTAATAAGCGACAGCTTTTAACCGCCCTTGGAGTCTCTCAGGGCCCATGAGTGGACCTCGTTCTCTT,72,-17.600000381469727
199535,TGTAGTTAAGCGTCACTAAGAAGAAACCGGGACCGGATTGAGCAACGGCTCGTCTACTCCCCCAGTAGTATTGCTCAATAGT,82,-16.799999237060547
130581,ATTGCAGCCTAGTCAACATCTTTTAACCGACACAGGTTTTACTAAGGGCCCATGAGTGGACCTGGTAGTATCGCAG,76,-15.100000381469728
221794,TGAAGCGGCCGAAGTTAAGCATCTTAAGGGCGTGTTACACTCAGGGCGTCGGCAAAGGCCGGCACCTCTTTTAG,74,-23.0
166270,TGAATCGGCCGAAGTTACGGATCCCGAGGGAGTGCTACACCCAGGGTGTGTGCAAACGCCAGCATATCTTATGG,74,-19.0
201371,ATTGCATCTAGGTCACCATCATTTAACCGCCACAGGTTTTACCAAGGGCCCAATGGAGGACTTGGTAGTATCGC,74,-16.799999237060547
38363,TGAATCGGACGAAGTGACCAAGCCTGTGAGAGTCCACAAACAAGGACAGGGCCACAGGACTGCATACACTAGAATACT,78,-18.100000381469727
102442,TCGATGATGGGAAGTGTGCGCGACGTTGAGTGACCACAGACACACACAGGTCCCCACATCTACATGCAAGAGATTCCA,78,-16.700000762939453
152389,TGAATTAAATGAAGTGACCGCGCCTGTGAGTGACTTACGGCAAGGCTATGGGCACAGAACAGCCTCCCCGCTAATACA,78,-18.100000381469727
212676,TCAATCAAACGAAGTGAGCGCGCCCGAGAGTGACCAAAAACGAGGGTATGTGCACACAACAACATCCACTATAG,74,-15.0
70881,ATTGCATCTGAGTCACTAACTATAACCCCCCACAGGTTTTATCAATGTCCCATGAGTTGACCTGGTAGGATCGCGGTATCGGGTTAT,87,-17.899999618530273
63085,AGTGGAGCCTTGACCACAGCATTTAACCGCCATGGGATCCTCTGAGGGTCCATGAGGGGGACTCCCTCTTTTGG,74,-24.100000381469727
26388,AGGTCAGGTTCGCGCACAGCTACTAACCGACATTGGGGCAAGTGAGCGCAAGCGAGTGGGCATCCCTCTCTT,72,-19.299999237060547
32200,ATTGCATCTTAGTCAACAGCTTTTAACCGCCATGGGAGTCTCTAAGGGCCCATGAGTGGACCTGGTACTCTT,72,-16.399999618530273
192493,ATTGCATGTTAGTCAACAGCTAGAAACCGACACAGGTTTTACTAATGGCCCGTGAGTGGACATGGGAGTCTCGCGG,76,-19.299999237060547
7950,AGTTCATCAAAGTCAACAGCTTTAACCCGAGACTGGAGTCAGTCAGGGCCCATGAGTTGACCTGGTAGTCTCGCGG,76,-20.799999237060547
173597,ATTGCATCTTAGTCACTAATTAGACCCTCACACTGGTTTTACCACTGTCAAATCTGATGACATGGTAGAACCGCTCTATC,80,-20.799999237060547
149652,AGATGCGAACCAATTTAAGGATCTAACGGGACTGTTAGAGCCTGAGTGTCCATGACGGCCAGAGCCTCTCTT,72,-15.899999618530272
166381,ATTGCATCTGAGTCACTAACTATGACCCCCCACAGGTTTTATCAATGGCACAGCTGTTGACCTGGTAGAATCGTAG,76,-15.600000381469728
143057,TCAATCAAACCTCGTTAGCGCGAGGTTGAGAGACTAATAACAAGCCTGTGTGCCTACATCTGCATCCAAGCCAT,74,-19.0
163017,ATTGCAGACTAGTCAACATCTTTTAACCGACATGGGATTCTCTAAGGGCCCATGAGTGGACCTGGTTGTATAGCG,75,-16.100000381469727
103031,AGTGCAGATTAGTCAACAGCTCCTAACCGACACTGGAGTCTCTAAGGGTCCGTGAGTGGACCTGGTACTATTGC,74,-18.200000762939453
107152,AGTGCATAATGGTCAACAGCTTTTAACGGCGACTGTAGTGTCTGAGTGCCCATGAGTGCACCTCCCTCTCTCGC,74,-15.699999809265137
35721,AGATGATCATAGTCAATAGCAATTAACCGCGACGGGTTGGACTGATGGCCCATGAGTGAACTTGGTTCTATTGCTA,76,-17.700000762939453
197424,ACGGAGCGTGAGTGACTTAATAGAGTTTTTCACAGGTTGTACCACTCTCAAAGGTGAGTGGATGGTAGAATCGCTCGCTA,80,-27.700000762939453
104035,AGTGGCTAAAGAACCTCAGCATTTAACCGCGACTTTATTGTCTGGTGGTCGATTAGGGCGCGTGCCTCTCTTGC,74,-15.399999618530272
222332,TGATGCGACTGAACGACAGCATCTAAACGGGATTGTAGTCCCTGAGTGTCCGTGAGGTCGAGTCCTTCTCTTGC,74,-20.89999961853028
144647,AGAGGATACTTGACTATCTCATTTAACCGCCACGTGTTTTTCTAGGGGTCCATGCGTGGCGCCGTCTCTATTGG,74,-16.5
218913,TCGAAGAGGGGAAGTGTGCGCGACGTTTATTGACCACAGACTCGGACAGGTCCCCACATCTGCATACAAGACATTCCT,78,-15.699999809265137
124472,AGTGGATCTTGGTCACTATGATTGAACCCCCACGGGTTTGATCAATGGCCCATCTGTTGCCCTGGTACTATTGC,74,-21.700000762939453
170153,AGAGCCTAATCGTCAACAGCTTCTAACCGCGATTGGAGTCTCTCAGGGCCCATGAGTGGACCTCCTTCTATTGCGT,76,-17.5
203740,TCGAAGAGGGGTCGTGTGCACAAAGTTTTTTGAACACAGACTCACACAGGTCACCAGATCTACATAGAAGCCATTCAAAACATATT,86,-15.899999618530272
70706,TCGAAGAGTGCGCGAGTGCGCAAAGTTTTTTGAACACAGAATCACACAGATCCCTACATCTAAAGGGGATCCTTTCCAAACATATT,86,-21.5
218316,TGAAGAGGCTGAAGTGAAGCAGCTTGAGGGGGTGTTACACCCAGGGCATGCGCAACGGACGGCCTCTCTTATAG,74,-28.100000381469727
131612,AGAGGCTAACGAACGTCAGCATCGAACGGCGTTTTTAGAGTCTGAGTGTCCATGAGTTGACGTCCCTCTCTT,72,-18.5
70436,CTGGCATGTGAGTCACTAATTAGACTCTTACACAGGTTTTATCAATGTCAAATCTGTTTACATGGTAGAATCGTTCAATCGCTATAT,87,-18.200000762939453
80070,AGTGCCTAACGAATTTCCGCATTGAACGACGCTTGTAGAGACTGGTTGTCCATGAGGGCGATTGTCTCTCTT,72,-18.600000381469727
155672,AGTTCATACTTGACAACAGCATCTAGCGGCGATTGGAGTCTCTGAGGGCCCATGAGGGGACCTCCCTCTCTTGG,74,-18.600000381469727
197080,AGAGCCGAATAGTCAACAGCTTCTAACCGCGATTGGAGTCTCTAAGGGTCCGTGAGTGGACCTCCCTCTATTGC,74,-15.899999618530272
107567,AGAGCCTAATCGGCAACAGCTTTTAACGGCGATTGTAGAGTCTGATGGCCCATGAGGTCGCCTGGCTCTCTT,72,-21.600000381469727
95880,CCGAAGAGTGAGTGCCTGAACAGAGTTTTACACAGGCTGTATCAAACAGATCCCTGTTAAGATGGGGAAGTGGTTCGATA,80,-18.0
127207,TGAAAGGGGTCGCGCAAGGCCGCCATTTTGCGAGGAACCACGAGGCGACTTGCGAACAAGAACCGGGATTCTTCGA,76,-22.299999237060547
169424,ATTGCATATTCGTAACTAAGTAGAACCCGACACCGGTTTGAGTACCGGCACATCTGTTCACCTGGTTGTATCGCTC,76,-16.399999618530273
22645,CGAGTGGGCTTGTCACCCTCAAATAATCGCCGCGTACAGGACCGGTGGCCGATCACGGCCGGCGGTTGTCTT,72,-26.5
200039,CCGGCAACTGGTTTACTGAATAGACTATTTTTCACGTAGTATCACACTCAAGAGTGATGATAAGGGAGACCCGTACCCTA,80,-15.100000381469728
229685,ATGGCGCGTGAGTGACTGCATATAACTCTTCACAGGTTGTATCAATCTCAAAGGAGTGGAGATGGTAGGATCGTTCGATAGAAATGGTTC,90,-18.39999961853028
30464,ATTGCATCTTAGTCAACAGCTTTGAACCGCCACAGGTTTGACTAATGGCCCATGAGTTGACCTGGTAGTATCGCGG,76,-15.0
1707,AGTGCCTAATCGTAAACAGCTTGGACCCGCCATTGGAGTGACTAATGGCCCATGAGTTGACCTGGTTGTCTC,72,-17.700000762939453
168320,TGATTCGAACCAAGTTACGGATCCAGAGAGAGTCTTAGAGCAAGGGTGTTGGCACAGACCAGCATCCCTTATAG,74,-20.799999237060547
212750,ATTGCATCTTAGTCAACAACTAGGACCCGACACAGGTTTTACTAATGGCCCATGAGTTGACCTGGTTGTCTCGCGG,76,-19.100000381469727
162964,CTGGCGGGCGGGAGTTCCTAATTTTAACGCCCTGCATAATTCCAAGCAGGGAAACGCGCCTTCATATATCTGGT,74,-19.100000381469727
198930,CCGGCATCTTAGTCAACAACTAGACCCAGACACTGGTTTTACCAAGCGCAAGTGTGTTGACATGGGAGTATAGCAG,76,-15.899999618530272
2264,ATTGCATCTTAGTCACCATCTATTAACCGCCACAGGTTTTACTAATGGCCCAGGAGTGGACCTGGTAGGCTCGCGG,76,-18.0
223282,TCGAAGAGCGTTTGCCTGTAAATTTATCTCTAGACACAGATTCAGACAGGATCACGCGTCTACAAAAAGTTGATTACCAAGCGC,84,-17.299999237060547
100463,ATTGCATCCTAGTCAACATCTAGAAACCGACACAGGTTTTACTAATGGCCCATGAGTGGACCTGGTAGTATAGCGG,76,-15.0
117947,ATTGCATCTGAGTCACTAACTAGAACCCGACACAGGTTTTACCAATGTCAAATGTGATGACCTGGTAGTATCGCGCTATCGCGTTAT,87,-17.700000762939453
139913,TCGAAGAGGGTTCGTGTGCACAGAGTTTTTTGAACACAGAATCAGACAGGTCCCCACATCTACAAAGAAGAGATTCAAAACCTGGT,86,-17.0
71534,TCAAAGAGGCCAAGTGAGCACGCCTTTGAGTGACCACAAACAAGGACATGGTCACACGACTGCATACACTAGAA,74,-15.100000381469728
148170,ATTGCATCTTCGCAACTAACTAGAACCCCAGACAGGTTTTAGTCCTGTCACATGTGATGACCTCGTAGAATCGCGC,76,-15.600000381469728
26888,ATTGCATCCTAGTCAACAGCTTTTAACCGCCACTGGTGTTACTAATGGCCCATGAGTGGACCTGGTTCTCTAGC,74,-15.699999809265137
86147,ATTGCATCTTAGTCAACAGCTTTGACCCGCCATTGGTTTCACTACTTGCCAATGAGTTGACCTGGCAGACTCGC,74,-15.5
21163,TGAATCGAACCACAGAAGGCCGCCCGATGGTGACATAGAGCGAGCCTTTTGGCACAGAAGAGCCTCTCATCT,72,-21.39999961853028
208987,TCTAAGACTGGGTGAGTGAGCAGAGTTTCGTACAGACTGAAACAGACAGTTCACTACAACTACAGGAATACAGTTCAATA,80,-15.699999809265137
95861,TTAGCAGGCAGTACTTCAGAATTTTAAGGCCTTGCATCAGTCCAGGCGGGGACCCGCGCCGTCACATCTTTTGG,74,-15.600000381469728
94337,TCGAAGAGTGAGCAACTGAACAGAGTTTTTTACACACAGTATCACACTGATCCCTACGTCTAGAGGGGAACCGTTCAAAACATGGCGC,88,-15.800000190734863
139053,CTGGCGAGCGAGTAAACGACTAGACTCTTACAAAGGTTTTATCAATCACAAGGGAGTGGAGATGGGAGAATCGCTGGATC,80,-15.899999618530272
80933,TGAATCGAACGAAGTTACGCCTCCTGAGAGTGTGCAACAGCAAGGGCGTGTGCACACAACAGCATACACTATAG,74,-15.899999618530272
228112,ATGGCATCTTAGTCAACATCTACTAACCGCCACAGGTTTTTCCAAGGGCAAGGGAGTGGACATCGCAGTATTGC,74,-16.399999618530273
93233,AGTGCCTAATGGTCAACAGCAACTCGCGGCTATTGTAGTGACTACTTGCCCGTGTGATGACGCCTCTCTCTCGCTA,76,-15.300000190734863
216326,TGAATCTAATCACAAAAAGCCTCACTCTCGCAATGTAGGGCGTGCCTTCCCGCGAAGTGACATGGGGCACTT,72,-16.600000381469727
167958,TCGAAGAGGGGTCGTGTGCACAGAGTTTTTTGACCACAGACTCACACAGGTCCCTACATCTACAAAGAAGACATTCAGAACAT,83,-17.0
148333,ATTGGATCCAAGTCAACATCATTTAACCGCCACGGGTTTTTCCAATGGCCCATTAGTGGAGCTGGTTCTATTGC,74,-16.600000381469727
119723,AGTGCCTAATGGTCAATAAGTTGGAGCGCAGACTGGAGTGAGTACCTGCCCATCTGGTCACCTGGCAGTCTCTC,74,-19.100000381469727
48846,TGGACGGGCTGGTGCACAGCATCTTAACGGCCTGCAGACACCAGGGCACGTGCGAGCGACGGTCCATATTTTAG,74,-20.89999961853028
76560,ACTGCACCTGAGTCACTAATTAGAACCCTACACAGGTTTTATCACTGTCAAATCTGATGACCTGGTAGAATCGTGC,76,-16.899999618530273
187645,TCAATGAGGGGTAGTGACCGCGACGTTGAGTGACTACCGGCTAGCCTAGGTGAACACATCTGCATAGAAGAGAATAA,77,-17.0
188593,AGGGCCGAATCACAAACAGCCTCTAAAGGCCATGGAAGCCCCTGAGGGCCCGTGAGGGAACGTCGTTCTCTT,72,-22.700000762939453
124036,TCAATGAGGCGAAGTGAGCGCGACGTTGAGTGACCACAAACAAGGACAGGTCCACACATCTGCATACAAGAGATTAC,77,-15.100000381469728
186046,AGTTCCTAACCAACGTCAGGATTTAACGGGGTTTGTAGAGTCTGGGTGTCCATTAGGGCAAGCCTCTCTCTCGG,74,-18.299999237060547
173826,ATTGCATCTTAGTCACTATCTATTAACCGCCACAGGTTTTACTAATGTCCAATGAGTGGACATGGTAGTATCGTAC,76,-15.100000381469728
57261,TGAATCTAACGAACTTAAGGCTCGAGCGCGAGTTTTAGTGCGAGAGTGTCGGTGAGGTCGAGCATCTCTCTT,72,-19.5
66198,AGTGCCGAATCATCAACAGCTTTGAACCGCCCTTGGAGTGTCTAAGGGCCCATGAGTTCACCTGGTTCTCTTGC,74,-20.600000381469727
217069,TCGAAGAGTGGGTGAGAGCGCCGATTTTTGTAACGACCGACTCACCCAGTTGCAAGGAAAGATGGGGAAGTTTCTATATAGA,82,-19.200000762939453
89235,AGTTGCGAATTAACGACAGCATCTAACCGCGCTGTTAGTGTCTGAGGGTCCATGAGGGCGAGTCCCTCTCTTGC,74,-16.100000381469727
28785,ACTGCGCGTGAGTGACTATGAAGAAATCGACACAGATTCAATCACTGGCACATCTGTGCAGCTGGTAGTATCGTTC,76,-19.700000762939453
146693,TGAATCGAACCAAAGTAAGGAGCCTGAGGGAGACTTAGAGCAAGGGTGTTTGCACAGAACAGCCTCCCTTATTG,74,-21.5
118001,AGATCCGAACCAAAGACCGCATCTAAAGGCGTTTGGAGAGCGTCAGGGTCCGTGAACAGGAGCCTCCCTATTGG,74,-18.39999961853028
123812,TCGGTGAGCGCTCGTGAGCAAACCGGTGAGTGTCCACACACTAGGACAGGTTCCCACGACTGCATATATGACATTACT,78,-18.39999961853028
